#,Company,Contact,Country,Location,Years,Email,Phone,Description,,,,,
I,Savanna Tech,James Kofi,Ghana,Accra,5,james.kofi@savannatech.com.gh,-1709,Mobile and web app development.,,,,,
II,Oasis Logistics,Aisha Al-Mutairi,Saudi Arabia,Riyadh,15,aisha.mutairi@oasislogistics.sa,-8735,Logistics and transportation services.,,,,,
III,Zenith Agro,Peter Okeke,Nigeria,Lagos,10,peter.okeke@zenithagro.ng,-6901,Agricultural products and farm management solutions.,,,,,
IV,Koala Softwares,Emma Wilson,Australia,Sydney,7,emma.wilson@koalasoft.com.au,-6853,Software development and IT consultancy.,,,,,
V,Lotus Ventures,Rajesh Patel,India,Mumbai,9,rajesh.patel@lotusventures.in,-9065,Venture capital firm supporting startups.,,,,,
VI,Blue Horizon Trading,Sofia Costa,Portugal,Lisbon,14,sofia.costa@bluehorizon.pt,-6804,Import/export of seafood and agricultural goods.,,,,,
VII,Maple Digital,Ethan Smith,Canada,Toronto,6,ethan.smith@mapledigital.ca,-5105,Digital marketing and web design agency.,,,,,
VIII,Outback Enterprises,Chloe Brown,Australia,Melbourne,12,chloe.brown@outbackenterprises.com.au,-9076,Adventure tourism and eco-travel services.,,,,,
IX,Green Energy Africa,Isaac Mensah,Ghana,Kumasi,13,isaac.mensah@greenenergyafrica.com.gh,-7329,Renewable energy solutions and solar panel distribution.,,,,,
